{
  "version": "7",
  "dialect": "sqlite",
  "entries": [
    {
      "idx": 0,
      "version": "6",
      "when": 1762167942467,
      "tag": "0000_easy_kronos",
      "breakpoints": true
    },
    {
      "idx": 1,
      "version": "6",
      "when": 1762169084474,
      "tag": "0001_black_zaladane",
      "breakpoints": true
    },
    {
      "idx": 2,
      "version": "6",
      "when": 1762169249011,
      "tag": "0002_broken_winter_soldier",
      "breakpoints": true
    },
    {
      "idx": 3,
      "version": "6",
      "when": 1762170454926,
      "tag": "0003_misty_sinister_six",
      "breakpoints": true
    },
    {
      "idx": 4,
      "version": "6",
      "when": 1762171723018,
      "tag": "0004_chunky_ozymandias",
      "breakpoints": true
    },
    {
      "idx": 5,
      "version": "6",
      "when": 1762172145864,
      "tag": "0005_cooing_mojo",
      "breakpoints": true
    },
    {
      "idx": 6,
      "version": "6",
      "when": 1762173525871,
      "tag": "0006_breezy_ultimates",
      "breakpoints": true
    },
    {
      "idx": 7,
      "version": "6",
      "when": 1762173927520,
      "tag": "0007_workable_luckman",
      "breakpoints": true
    },
    {
      "idx": 8,
      "version": "6",
      "when": 1762207102508,
      "tag": "0008_busy_aqueduct",
      "breakpoints": true
    },
    {
      "idx": 9,
      "version": "6",
      "when": 1762252053183,
      "tag": "0009_concerned_union_jack",
      "breakpoints": true
    },
    {
      "idx": 10,
      "version": "6",
      "when": 1762256187509,
      "tag": "0010_wooden_supreme_intelligence",
      "breakpoints": true
    },
    {
      "idx": 11,
      "version": "6",
      "when": 1764154812445,
      "tag": "0011_orange_sheva_callister",
      "breakpoints": true
    },
    {
      "idx": 12,
      "version": "6",
      "when": 1764158766281,
      "tag": "0012_bright_micromacro",
      "breakpoints": true
    },
    {
      "idx": 13,
      "version": "6",
      "when": 1764159350331,
      "tag": "0013_serious_ben_grimm",
      "breakpoints": true
    },
    {
      "idx": 14,
      "version": "6",
      "when": 1764160199981,
      "tag": "0014_amusing_king_bedlam",
      "breakpoints": true
    },
    {
      "idx": 15,
      "version": "6",
      "when": 1764160729316,
      "tag": "0015_parched_hercules",
      "breakpoints": true
    },
    {
      "idx": 16,
      "version": "6",
      "when": 1764161066381,
      "tag": "0016_eager_wither",
      "breakpoints": true
    },
    {
      "idx": 17,
      "version": "6",
      "when": 1764161360423,
      "tag": "0017_shiny_sinister_six",
      "breakpoints": true
    },
    {
      "idx": 18,
      "version": "6",
      "when": 1764161645234,
      "tag": "0018_milky_doctor_octopus",
      "breakpoints": true
    },
    {
      "idx": 19,
      "version": "6",
      "when": 1764165032619,
      "tag": "0019_wide_nitro",
      "breakpoints": true
    },
    {
      "idx": 20,
      "version": "6",
      "when": 1764405221363,
      "tag": "0020_add_promo_codes",
      "breakpoints": true
    },
    {
      "idx": 21,
      "version": "6",
      "when": 1764681977853,
      "tag": "0021_smiling_spyke",
      "breakpoints": true
    },
    {
      "idx": 22,
      "version": "6",
      "when": 1765142852946,
      "tag": "0022_remarkable_darkhawk",
      "breakpoints": true
    },
    {
      "idx": 23,
      "version": "6",
      "when": 1765544055629,
      "tag": "0023_slow_roulette",
      "breakpoints": true
    }
  ]
}